Node,Path
101,"[101, 105, 106, 107, 11, 109, 110, 111, 112, 113, 117, 118, 119, '출구2-1']"
102,"[102, 103, 104, 105, 106, 107, 11, 109, 110, 111, 112, 113, 117, 118, 119, '출구2-1']"
103,"[103, 104, 105, 106, 107, 11, 109, 110, 111, 112, 113, 117, 118, 119, '출구2-1']"
104,"[104, 105, 106, 107, 11, 109, 110, 111, 112, 113, 117, 118, 119, '출구2-1']"
105,"[105, 106, 107, 11, 109, 110, 111, 112, 113, 117, 118, 119, '출구2-1']"
106,"[106, 107, 11, 109, 110, 111, 112, 113, 117, 118, 119, '출구2-1']"
107,"[107, 11, 109, 110, 111, 112, 113, 117, 118, 119, '출구2-1']"
108,"[108, 107, 11, 109, 110, 111, 112, 113, 117, 118, 119, '출구2-1']"
11,"[11, 109, 110, 111, 112, 113, 117, 118, 119, '출구2-1']"
12,"[12, 108, 107, 11, 109, 110, 111, 112, 113, 117, 118, 119, '출구2-1']"
109,"[109, 110, 111, 112, 113, 117, 118, 119, '출구2-1']"
110,"[110, 111, 112, 113, 117, 118, 119, '출구2-1']"
111,"[111, 112, 113, 117, 118, 119, '출구2-1']"
112,"[112, 113, 117, 118, 119, '출구2-1']"
113,"[113, 117, 118, 119, '출구2-1']"
114,"[114, '출구1']"
115,"[115, 114, '출구1']"
116,"[116, 115, 114, '출구1']"
117,"[117, 118, 119, '출구2-1']"
118,"[118, 119, '출구2-1']"
119,"[119, '출구2-1']"
120,"[120, 116, 115, 114, '출구1']"
13,"[13, 120, 116, 115, 114, '출구1']"
121,"[121, 122, 123, '출구2-2']"
122,"[122, 123, '출구2-2']"
123,"[123, '출구2-2']"
124,"[124, 121, 122, 123, '출구2-2']"
125,"[125, 124, 121, 122, 123, '출구2-2']"
126,"[126, 125, 124, 121, 122, 123, '출구2-2']"
127,"[127, 126, 125, 124, 121, 122, 123, '출구2-2']"
128,"[128, 129, 130, 131, 132, 133, 134, '출구3']"
129,"[129, 130, 131, 132, 133, 134, '출구3']"
130,"[130, 131, 132, 133, 134, '출구3']"
131,"[131, 132, 133, 134, '출구3']"
132,"[132, 133, 134, '출구3']"
133,"[133, 134, '출구3']"
15,"[15, 133, 134, '출구3']"
14,"[14, 143, 134, '출구3']"
134,"[134, '출구3']"
135,"[135, 134, '출구3']"
136,"[136, 135, 134, '출구3']"
137,"[137, 136, 135, 134, '출구3']"
138,"[138, 137, 136, 135, 134, '출구3']"
139,"[139, 138, 137, 136, 135, 134, '출구3']"
140,"[140, 13, 120, 116, 115, 114, '출구1']"
141,"[141, 15, 133, 134, '출구3']"
142,"[142, 14, 143, 134, '출구3']"
143,"[143, 134, '출구3']"
144,"[144, 12, 108, 107, 11, 109, 110, 111, 112, 113, 117, 118, 119, '출구2-1']"
201,"[201, 202, 206, 207, 208, 209, 210, 211, 212, 213, 217, 215, 23, 243, 140, 13, 120, 116, 115, 114, '출구1']"
202,"[202, 206, 207, 208, 209, 210, 211, 212, 213, 217, 215, 23, 243, 140, 13, 120, 116, 115, 114, '출구1']"
203,"[203, 204, 22, 242, 346, 34, 320, 322, 319, 318, 317, 315, 313, 312, 311, 310, 309, 32, '출구 5']"
204,"[204, 22, 242, 346, 34, 320, 322, 319, 318, 317, 315, 313, 312, 311, 310, 309, 32, '출구 5']"
21,"[21, 203, 204, 22, 242, 346, 34, 320, 322, 319, 318, 317, 315, 313, 312, 311, 310, 309, 32, '출구 5']"
22,"[22, 242, 346, 34, 320, 322, 319, 318, 317, 315, 313, 312, 311, 310, 309, 32, '출구 5']"
205,"[205, 204, 22, 242, 346, 34, 320, 322, 319, 318, 317, 315, 313, 312, 311, 310, 309, 32, '출구 5']"
206,"[206, 207, 208, 209, 210, 211, 212, 213, 217, 215, 23, 243, 140, 13, 120, 116, 115, 114, '출구1']"
207,"[207, 208, 209, 210, 211, 212, 213, 217, 215, 23, 243, 140, 13, 120, 116, 115, 114, '출구1']"
208,"[208, 209, 210, 211, 212, 213, 217, 215, 23, 243, 140, 13, 120, 116, 115, 114, '출구1']"
209,"[209, 210, 211, 212, 213, 217, 215, 23, 243, 140, 13, 120, 116, 115, 114, '출구1']"
210,"[210, 211, 212, 213, 217, 215, 23, 243, 140, 13, 120, 116, 115, 114, '출구1']"
211,"[211, 212, 213, 217, 215, 23, 243, 140, 13, 120, 116, 115, 114, '출구1']"
212,"[212, 213, 217, 215, 23, 243, 140, 13, 120, 116, 115, 114, '출구1']"
213,"[213, 217, 215, 23, 243, 140, 13, 120, 116, 115, 114, '출구1']"
214,"[214, 213, 217, 215, 23, 243, 140, 13, 120, 116, 115, 114, '출구1']"
215,"[215, 23, 243, 140, 13, 120, 116, 115, 114, '출구1']"
216,"[216, 217, 215, 23, 243, 140, 13, 120, 116, 115, 114, '출구1']"
23,"[23, 243, 140, 13, 120, 116, 115, 114, '출구1']"
24,"[24, 216, 217, 215, 23, 243, 140, 13, 120, 116, 115, 114, '출구1']"
217,"[217, 215, 23, 243, 140, 13, 120, 116, 115, 114, '출구1']"
218,"[218, 214, 213, 217, 215, 23, 243, 140, 13, 120, 116, 115, 114, '출구1']"
219,"[219, 220, 221, 222, 223, 224, 225, 227, 226, 25, 245, 141, 15, 133, 134, '출구3']"
220,"[220, 221, 222, 223, 224, 225, 227, 226, 25, 245, 141, 15, 133, 134, '출구3']"
221,"[221, 222, 223, 224, 225, 227, 226, 25, 245, 141, 15, 133, 134, '출구3']"
222,"[222, 223, 224, 225, 227, 226, 25, 245, 141, 15, 133, 134, '출구3']"
223,"[223, 224, 225, 227, 226, 25, 245, 141, 15, 133, 134, '출구3']"
224,"[224, 225, 227, 226, 25, 245, 141, 15, 133, 134, '출구3']"
225,"[225, 227, 226, 25, 245, 141, 15, 133, 134, '출구3']"
226,"[226, 25, 245, 141, 15, 133, 134, '출구3']"
227,"[227, 226, 25, 245, 141, 15, 133, 134, '출구3']"
25,"[25, 245, 141, 15, 133, 134, '출구3']"
26,"[26, 227, 226, 25, 245, 141, 15, 133, 134, '출구3']"
228,"[228, 227, 226, 25, 245, 141, 15, 133, 134, '출구3']"
229,"[229, 226, 25, 245, 141, 15, 133, 134, '출구3']"
230,"[230, 229, 226, 25, 245, 141, 15, 133, 134, '출구3']"
231,"[231, 230, 229, 226, 25, 245, 141, 15, 133, 134, '출구3']"
232,"[232, 231, 230, 229, 226, 25, 245, 141, 15, 133, 134, '출구3']"
233,"[233, 232, 231, 230, 229, 226, 25, 245, 141, 15, 133, 134, '출구3']"
234,"[234, 233, 232, 231, 230, 229, 226, 25, 245, 141, 15, 133, 134, '출구3']"
235,"[235, 234, 233, 232, 231, 230, 229, 226, 25, 245, 141, 15, 133, 134, '출구3']"
236,"[236, 235, 234, 233, 232, 231, 230, 229, 226, 25, 245, 141, 15, 133, 134, '출구3']"
237,"[237, 236, 235, 234, 233, 232, 231, 230, 229, 226, 25, 245, 141, 15, 133, 134, '출구3']"
238,"[238, 237, 236, 235, 234, 233, 232, 231, 230, 229, 226, 25, 245, 141, 15, 133, 134, '출구3']"
239,"[239, 238, 237, 236, 235, 234, 233, 232, 231, 230, 229, 226, 25, 245, 141, 15, 133, 134, '출구3']"
240,"[240, 239, 238, 237, 236, 235, 234, 233, 232, 231, 230, 229, 226, 25, 245, 141, 15, 133, 134, '출구3']"
241,"[241, 21, 203, 204, 22, 242, 346, 34, 320, 322, 319, 318, 317, 315, 313, 312, 311, 310, 309, 32, '출구 5']"
242,"[242, 346, 34, 320, 322, 319, 318, 317, 315, 313, 312, 311, 310, 309, 32, '출구 5']"
243,"[243, 140, 13, 120, 116, 115, 114, '출구1']"
244,"[244, 24, 216, 217, 215, 23, 243, 140, 13, 120, 116, 115, 114, '출구1']"
245,"[245, 141, 15, 133, 134, '출구3']"
246,"[246, 26, 227, 226, 25, 245, 141, 15, 133, 134, '출구3']"
301,"[301, 31, '출구 4']"
31,"[31, '출구 4']"
302,"[302, 301, 31, '출구 4']"
303,"[303, 302, 301, 31, '출구 4']"
304,"[304, 303, 302, 301, 31, '출구 4']"
305,"[305, 306, 307, 308, 309, 32, '출구 5']"
306,"[306, 307, 308, 309, 32, '출구 5']"
307,"[307, 308, 309, 32, '출구 5']"
308,"[308, 309, 32, '출구 5']"
309,"[309, 32, '출구 5']"
32,"[32, '출구 5']"
310,"[310, 309, 32, '출구 5']"
311,"[311, 310, 309, 32, '출구 5']"
312,"[312, 311, 310, 309, 32, '출구 5']"
313,"[313, 312, 311, 310, 309, 32, '출구 5']"
314,"[314, 313, 312, 311, 310, 309, 32, '출구 5']"
33,"[33, 352, 455, 43, 415, 414, 416, 418, 421, '출구 6']"
315,"[315, 313, 312, 311, 310, 309, 32, '출구 5']"
316,"[316, 315, 313, 312, 311, 310, 309, 32, '출구 5']"
317,"[317, 315, 313, 312, 311, 310, 309, 32, '출구 5']"
318,"[318, 317, 315, 313, 312, 311, 310, 309, 32, '출구 5']"
319,"[319, 318, 317, 315, 313, 312, 311, 310, 309, 32, '출구 5']"
320,"[320, 322, 319, 318, 317, 315, 313, 312, 311, 310, 309, 32, '출구 5']"
321,"[321, 35, 347, 457, 45, 426, 428, 425, 423, 421, '출구 6']"
34,"[34, 320, 322, 319, 318, 317, 315, 313, 312, 311, 310, 309, 32, '출구 5']"
35,"[35, 347, 457, 45, 426, 428, 425, 423, 421, '출구 6']"
322,"[322, 319, 318, 317, 315, 313, 312, 311, 310, 309, 32, '출구 5']"
323,"[323, 319, 318, 317, 315, 313, 312, 311, 310, 309, 32, '출구 5']"
324,"[324, 323, 319, 318, 317, 315, 313, 312, 311, 310, 309, 32, '출구 5']"
325,"[325, 324, 323, 319, 318, 317, 315, 313, 312, 311, 310, 309, 32, '출구 5']"
326,"[326, 325, 324, 323, 319, 318, 317, 315, 313, 312, 311, 310, 309, 32, '출구 5']"
327,"[327, 326, 325, 324, 323, 319, 318, 317, 315, 313, 312, 311, 310, 309, 32, '출구 5']"
328,"[328, 327, 326, 325, 324, 323, 319, 318, 317, 315, 313, 312, 311, 310, 309, 32, '출구 5']"
329,"[329, 328, 327, 326, 325, 324, 323, 319, 318, 317, 315, 313, 312, 311, 310, 309, 32, '출구 5']"
330,"[330, 329, 328, 327, 326, 325, 324, 323, 319, 318, 317, 315, 313, 312, 311, 310, 309, 32, '출구 5']"
331,"[331, 330, 329, 328, 327, 326, 325, 324, 323, 319, 318, 317, 315, 313, 312, 311, 310, 309, 32, '출구 5']"
332,"[332, 334, 330, 329, 328, 327, 326, 325, 324, 323, 319, 318, 317, 315, 313, 312, 311, 310, 309, 32, '출구 5']"
333,"[333, 334, 330, 329, 328, 327, 326, 325, 324, 323, 319, 318, 317, 315, 313, 312, 311, 310, 309, 32, '출구 5']"
36,"[36, 348, 244, 24, 216, 217, 215, 23, 243, 140, 13, 120, 116, 115, 114, '출구1']"
37,"[37, 349, 459, 47, 439, 441, 437, 436, 435, 434, 433, 432, 431, 430, 429, 425, 423, 421, '출구 6']"
334,"[334, 330, 329, 328, 327, 326, 325, 324, 323, 319, 318, 317, 315, 313, 312, 311, 310, 309, 32, '출구 5']"
335,"[335, 331, 330, 329, 328, 327, 326, 325, 324, 323, 319, 318, 317, 315, 313, 312, 311, 310, 309, 32, '출구 5']"
336,"[336, 335, 331, 330, 329, 328, 327, 326, 325, 324, 323, 319, 318, 317, 315, 313, 312, 311, 310, 309, 32, '출구 5']"
337,"[337, 336, 335, 331, 330, 329, 328, 327, 326, 325, 324, 323, 319, 318, 317, 315, 313, 312, 311, 310, 309, 32, '출구 5']"
338,"[338, 337, 336, 335, 331, 330, 329, 328, 327, 326, 325, 324, 323, 319, 318, 317, 315, 313, 312, 311, 310, 309, 32, '출구 5']"
339,"[339, 340, 341, 342, 343, 345, 344, 38, 350, 246, 26, 227, 226, 25, 245, 141, 15, 133, 134, '출구3']"
340,"[340, 341, 342, 343, 345, 344, 38, 350, 246, 26, 227, 226, 25, 245, 141, 15, 133, 134, '출구3']"
341,"[341, 342, 343, 345, 344, 38, 350, 246, 26, 227, 226, 25, 245, 141, 15, 133, 134, '출구3']"
342,"[342, 343, 345, 344, 38, 350, 246, 26, 227, 226, 25, 245, 141, 15, 133, 134, '출구3']"
343,"[343, 345, 344, 38, 350, 246, 26, 227, 226, 25, 245, 141, 15, 133, 134, '출구3']"
344,"[344, 38, 350, 246, 26, 227, 226, 25, 245, 141, 15, 133, 134, '출구3']"
345,"[345, 344, 38, 350, 246, 26, 227, 226, 25, 245, 141, 15, 133, 134, '출구3']"
38,"[38, 350, 246, 26, 227, 226, 25, 245, 141, 15, 133, 134, '출구3']"
39,"[39, 345, 344, 38, 350, 246, 26, 227, 226, 25, 245, 141, 15, 133, 134, '출구3']"
346,"[346, 34, 320, 322, 319, 318, 317, 315, 313, 312, 311, 310, 309, 32, '출구 5']"
347,"[347, 457, 45, 426, 428, 425, 423, 421, '출구 6']"
348,"[348, 244, 24, 216, 217, 215, 23, 243, 140, 13, 120, 116, 115, 114, '출구1']"
349,"[349, 459, 47, 439, 441, 437, 436, 435, 434, 433, 432, 431, 430, 429, 425, 423, 421, '출구 6']"
350,"[350, 246, 26, 227, 226, 25, 245, 141, 15, 133, 134, '출구3']"
351,"[351, 39, 345, 344, 38, 350, 246, 26, 227, 226, 25, 245, 141, 15, 133, 134, '출구3']"
352,"[352, 455, 43, 415, 414, 416, 418, 421, '출구 6']"
401,"[401, 41, '출구 4']"
402,"[402, 401, 41, '출구 4']"
41,"[41, '출구 4']"
42,"[42, 402, 401, 41, '출구 4']"
403,"[403, 401, 41, '출구 4']"
404,"[404, 403, 401, 41, '출구 4']"
405,"[405, 404, 403, 401, 41, '출구 4']"
406,"[406, 405, 404, 403, 401, 41, '출구 4']"
407,"[407, 406, 405, 404, 403, 401, 41, '출구 4']"
408,"[408, 407, 406, 405, 404, 403, 401, 41, '출구 4']"
409,"[409, 410, 411, 412, 413, 414, 416, 418, 421, '출구 6']"
410,"[410, 411, 412, 413, 414, 416, 418, 421, '출구 6']"
411,"[411, 412, 413, 414, 416, 418, 421, '출구 6']"
412,"[412, 413, 414, 416, 418, 421, '출구 6']"
413,"[413, 414, 416, 418, 421, '출구 6']"
414,"[414, 416, 418, 421, '출구 6']"
415,"[415, 414, 416, 418, 421, '출구 6']"
43,"[43, 415, 414, 416, 418, 421, '출구 6']"
416,"[416, 418, 421, '출구 6']"
417,"[417, 420, 419, 422, 421, '출구 6']"
418,"[418, 421, '출구 6']"
419,"[419, 422, 421, '출구 6']"
420,"[420, 419, 422, 421, '출구 6']"
44,"[44, 420, 419, 422, 421, '출구 6']"
421,"[421, '출구 6']"
422,"[422, 421, '출구 6']"
423,"[423, 421, '출구 6']"
424,"[424, 422, 421, '출구 6']"
425,"[425, 423, 421, '출구 6']"
426,"[426, 428, 425, 423, 421, '출구 6']"
427,"[427, 428, 425, 423, 421, '출구 6']"
45,"[45, 426, 428, 425, 423, 421, '출구 6']"
46,"[46, 427, 428, 425, 423, 421, '출구 6']"
428,"[428, 425, 423, 421, '출구 6']"
429,"[429, 425, 423, 421, '출구 6']"
430,"[430, 429, 425, 423, 421, '출구 6']"
431,"[431, 430, 429, 425, 423, 421, '출구 6']"
432,"[432, 431, 430, 429, 425, 423, 421, '출구 6']"
433,"[433, 432, 431, 430, 429, 425, 423, 421, '출구 6']"
434,"[434, 433, 432, 431, 430, 429, 425, 423, 421, '출구 6']"
435,"[435, 434, 433, 432, 431, 430, 429, 425, 423, 421, '출구 6']"
436,"[436, 435, 434, 433, 432, 431, 430, 429, 425, 423, 421, '출구 6']"
437,"[437, 436, 435, 434, 433, 432, 431, 430, 429, 425, 423, 421, '출구 6']"
438,"[438, 437, 436, 435, 434, 433, 432, 431, 430, 429, 425, 423, 421, '출구 6']"
439,"[439, 441, 437, 436, 435, 434, 433, 432, 431, 430, 429, 425, 423, 421, '출구 6']"
440,"[440, 441, 437, 436, 435, 434, 433, 432, 431, 430, 429, 425, 423, 421, '출구 6']"
47,"[47, 439, 441, 437, 436, 435, 434, 433, 432, 431, 430, 429, 425, 423, 421, '출구 6']"
48,"[48, 440, 441, 437, 436, 435, 434, 433, 432, 431, 430, 429, 425, 423, 421, '출구 6']"
441,"[441, 437, 436, 435, 434, 433, 432, 431, 430, 429, 425, 423, 421, '출구 6']"
442,"[442, 438, 437, 436, 435, 434, 433, 432, 431, 430, 429, 425, 423, 421, '출구 6']"
443,"[443, 442, 438, 437, 436, 435, 434, 433, 432, 431, 430, 429, 425, 423, 421, '출구 6']"
444,"[444, 443, 442, 438, 437, 436, 435, 434, 433, 432, 431, 430, 429, 425, 423, 421, '출구 6']"
445,"[445, 444, 443, 442, 438, 437, 436, 435, 434, 433, 432, 431, 430, 429, 425, 423, 421, '출구 6']"
446,"[446, 445, 444, 443, 442, 438, 437, 436, 435, 434, 433, 432, 431, 430, 429, 425, 423, 421, '출구 6']"
447,"[447, 446, 445, 444, 443, 442, 438, 437, 436, 435, 434, 433, 432, 431, 430, 429, 425, 423, 421, '출구 6']"
448,"[448, 447, 446, 445, 444, 443, 442, 438, 437, 436, 435, 434, 433, 432, 431, 430, 429, 425, 423, 421, '출구 6']"
449,"[449, 448, 447, 446, 445, 444, 443, 442, 438, 437, 436, 435, 434, 433, 432, 431, 430, 429, 425, 423, 421, '출구 6']"
450,"[450, 449, 448, 447, 446, 445, 444, 443, 442, 438, 437, 436, 435, 434, 433, 432, 431, 430, 429, 425, 423, 421, '출구 6']"
451,"[451, 450, 449, 448, 447, 446, 445, 444, 443, 442, 438, 437, 436, 435, 434, 433, 432, 431, 430, 429, 425, 423, 421, '출구 6']"
452,"[452, 453, 451, 450, 449, 448, 447, 446, 445, 444, 443, 442, 438, 437, 436, 435, 434, 433, 432, 431, 430, 429, 425, 423, 421, '출구 6']"
453,"[453, 451, 450, 449, 448, 447, 446, 445, 444, 443, 442, 438, 437, 436, 435, 434, 433, 432, 431, 430, 429, 425, 423, 421, '출구 6']"
49,"[49, 452, 453, 451, 450, 449, 448, 447, 446, 445, 444, 443, 442, 438, 437, 436, 435, 434, 433, 432, 431, 430, 429, 425, 423, 421, '출구 6']"
50,"[50, 453, 451, 450, 449, 448, 447, 446, 445, 444, 443, 442, 438, 437, 436, 435, 434, 433, 432, 431, 430, 429, 425, 423, 421, '출구 6']"
454,"[454, 42, 402, 401, 41, '출구 4']"
455,"[455, 43, 415, 414, 416, 418, 421, '출구 6']"
456,"[456, 44, 420, 419, 422, 421, '출구 6']"
457,"[457, 45, 426, 428, 425, 423, 421, '출구 6']"
458,"[458, 46, 427, 428, 425, 423, 421, '출구 6']"
459,"[459, 47, 439, 441, 437, 436, 435, 434, 433, 432, 431, 430, 429, 425, 423, 421, '출구 6']"
460,"[460, 48, 440, 441, 437, 436, 435, 434, 433, 432, 431, 430, 429, 425, 423, 421, '출구 6']"
461,"[461, 351, 39, 345, 344, 38, 350, 246, 26, 227, 226, 25, 245, 141, 15, 133, 134, '출구3']"
462,"[462, 50, 453, 451, 450, 449, 448, 447, 446, 445, 444, 443, 442, 438, 437, 436, 435, 434, 433, 432, 431, 430, 429, 425, 423, 421, '출구 6']"
501,"[501, 502, 52, 552, '출구 7']"
502,"[502, 52, 552, '출구 7']"
51,"[51, 501, 502, 52, 552, '출구 7']"
52,"[52, 552, '출구 7']"
503,"[503, 502, 52, 552, '출구 7']"
504,"[504, 503, 502, 52, 552, '출구 7']"
505,"[505, 504, 503, 502, 52, 552, '출구 7']"
506,"[506, 505, 504, 503, 502, 52, 552, '출구 7']"
507,"[507, 506, 505, 504, 503, 502, 52, 552, '출구 7']"
508,"[508, 507, 506, 505, 504, 503, 502, 52, 552, '출구 7']"
509,"[509, 508, 507, 506, 505, 504, 503, 502, 52, 552, '출구 7']"
510,"[510, 509, 508, 507, 506, 505, 504, 503, 502, 52, 552, '출구 7']"
511,"[511, 510, 509, 508, 507, 506, 505, 504, 503, 502, 52, 552, '출구 7']"
512,"[512, 511, 510, 509, 508, 507, 506, 505, 504, 503, 502, 52, 552, '출구 7']"
513,"[513, 514, 515, 516, 53, 553, 456, 44, 420, 419, 422, 421, '출구 6']"
514,"[514, 515, 516, 53, 553, 456, 44, 420, 419, 422, 421, '출구 6']"
515,"[515, 516, 53, 553, 456, 44, 420, 419, 422, 421, '출구 6']"
516,"[516, 53, 553, 456, 44, 420, 419, 422, 421, '출구 6']"
53,"[53, 553, 456, 44, 420, 419, 422, 421, '출구 6']"
517,"[517, 518, 515, 516, 53, 553, 456, 44, 420, 419, 422, 421, '출구 6']"
518,"[518, 515, 516, 53, 553, 456, 44, 420, 419, 422, 421, '출구 6']"
519,"[519, 518, 515, 516, 53, 553, 456, 44, 420, 419, 422, 421, '출구 6']"
520,"[520, 518, 515, 516, 53, 553, 456, 44, 420, 419, 422, 421, '출구 6']"
521,"[521, 519, 518, 515, 516, 53, 553, 456, 44, 420, 419, 422, 421, '출구 6']"
54,"[54, 521, 519, 518, 515, 516, 53, 553, 456, 44, 420, 419, 422, 421, '출구 6']"
522,"[522, 520, 518, 515, 516, 53, 553, 456, 44, 420, 419, 422, 421, '출구 6']"
523,"[523, 522, 520, 518, 515, 516, 53, 553, 456, 44, 420, 419, 422, 421, '출구 6']"
524,"[524, 523, 522, 520, 518, 515, 516, 53, 553, 456, 44, 420, 419, 422, 421, '출구 6']"
525,"[525, 528, 526, 55, 555, 458, 46, 427, 428, 425, 423, 421, '출구 6']"
526,"[526, 55, 555, 458, 46, 427, 428, 425, 423, 421, '출구 6']"
527,"[527, 526, 55, 555, 458, 46, 427, 428, 425, 423, 421, '출구 6']"
55,"[55, 555, 458, 46, 427, 428, 425, 423, 421, '출구 6']"
56,"[56, 527, 526, 55, 555, 458, 46, 427, 428, 425, 423, 421, '출구 6']"
528,"[528, 526, 55, 555, 458, 46, 427, 428, 425, 423, 421, '출구 6']"
529,"[529, 525, 528, 526, 55, 555, 458, 46, 427, 428, 425, 423, 421, '출구 6']"
530,"[530, 529, 525, 528, 526, 55, 555, 458, 46, 427, 428, 425, 423, 421, '출구 6']"
531,"[531, 530, 529, 525, 528, 526, 55, 555, 458, 46, 427, 428, 425, 423, 421, '출구 6']"
532,"[532, 531, 530, 529, 525, 528, 526, 55, 555, 458, 46, 427, 428, 425, 423, 421, '출구 6']"
533,"[533, 532, 531, 530, 529, 525, 528, 526, 55, 555, 458, 46, 427, 428, 425, 423, 421, '출구 6']"
534,"[534, 533, 532, 531, 530, 529, 525, 528, 526, 55, 555, 458, 46, 427, 428, 425, 423, 421, '출구 6']"
535,"[535, 534, 533, 532, 531, 530, 529, 525, 528, 526, 55, 555, 458, 46, 427, 428, 425, 423, 421, '출구 6']"
536,"[536, 535, 534, 533, 532, 531, 530, 529, 525, 528, 526, 55, 555, 458, 46, 427, 428, 425, 423, 421, '출구 6']"
537,"[537, 536, 535, 534, 533, 532, 531, 530, 529, 525, 528, 526, 55, 555, 458, 46, 427, 428, 425, 423, 421, '출구 6']"
538,"[538, 57, 557, 460, 48, 440, 441, 437, 436, 435, 434, 433, 432, 431, 430, 429, 425, 423, 421, '출구 6']"
539,"[539, 538, 57, 557, 460, 48, 440, 441, 437, 436, 435, 434, 433, 432, 431, 430, 429, 425, 423, 421, '출구 6']"
57,"[57, 557, 460, 48, 440, 441, 437, 436, 435, 434, 433, 432, 431, 430, 429, 425, 423, 421, '출구 6']"
58,"[58, 539, 538, 57, 557, 460, 48, 440, 441, 437, 436, 435, 434, 433, 432, 431, 430, 429, 425, 423, 421, '출구 6']"
540,"[540, 538, 57, 557, 460, 48, 440, 441, 437, 436, 435, 434, 433, 432, 431, 430, 429, 425, 423, 421, '출구 6']"
541,"[541, 537, 536, 535, 534, 533, 532, 531, 530, 529, 525, 528, 526, 55, 555, 458, 46, 427, 428, 425, 423, 421, '출구 6']"
542,"[542, 541, 537, 536, 535, 534, 533, 532, 531, 530, 529, 525, 528, 526, 55, 555, 458, 46, 427, 428, 425, 423, 421, '출구 6']"
543,"[543, 542, 541, 537, 536, 535, 534, 533, 532, 531, 530, 529, 525, 528, 526, 55, 555, 458, 46, 427, 428, 425, 423, 421, '출구 6']"
544,"[544, 543, 542, 541, 537, 536, 535, 534, 533, 532, 531, 530, 529, 525, 528, 526, 55, 555, 458, 46, 427, 428, 425, 423, 421, '출구 6']"
545,"[545, 544, 543, 542, 541, 537, 536, 535, 534, 533, 532, 531, 530, 529, 525, 528, 526, 55, 555, 458, 46, 427, 428, 425, 423, 421, '출구 6']"
546,"[546, 545, 544, 543, 542, 541, 537, 536, 535, 534, 533, 532, 531, 530, 529, 525, 528, 526, 55, 555, 458, 46, 427, 428, 425, 423, 421, '출구 6']"
547,"[547, 546, 545, 544, 543, 542, 541, 537, 536, 535, 534, 533, 532, 531, 530, 529, 525, 528, 526, 55, 555, 458, 46, 427, 428, 425, 423, 421, '출구 6']"
548,"[548, 547, 546, 545, 544, 543, 542, 541, 537, 536, 535, 534, 533, 532, 531, 530, 529, 525, 528, 526, 55, 555, 458, 46, 427, 428, 425, 423, 421, '출구 6']"
549,"[549, 59, 559, 462, 50, 453, 451, 450, 449, 448, 447, 446, 445, 444, 443, 442, 438, 437, 436, 435, 434, 433, 432, 431, 430, 429, 425, 423, 421, '출구 6']"
550,"[550, 549, 59, 559, 462, 50, 453, 451, 450, 449, 448, 447, 446, 445, 444, 443, 442, 438, 437, 436, 435, 434, 433, 432, 431, 430, 429, 425, 423, 421, '출구 6']"
59,"[59, 559, 462, 50, 453, 451, 450, 449, 448, 447, 446, 445, 444, 443, 442, 438, 437, 436, 435, 434, 433, 432, 431, 430, 429, 425, 423, 421, '출구 6']"
60,"[60, 550, 549, 59, 559, 462, 50, 453, 451, 450, 449, 448, 447, 446, 445, 444, 443, 442, 438, 437, 436, 435, 434, 433, 432, 431, 430, 429, 425, 423, 421, '출구 6']"
551,"[551, 454, 42, 402, 401, 41, '출구 4']"
552,"[552, '출구 7']"
553,"[553, 456, 44, 420, 419, 422, 421, '출구 6']"
554,"[554, 54, 521, 519, 518, 515, 516, 53, 553, 456, 44, 420, 419, 422, 421, '출구 6']"
555,"[555, 458, 46, 427, 428, 425, 423, 421, '출구 6']"
556,"[556, 56, 527, 526, 55, 555, 458, 46, 427, 428, 425, 423, 421, '출구 6']"
557,"[557, 460, 48, 440, 441, 437, 436, 435, 434, 433, 432, 431, 430, 429, 425, 423, 421, '출구 6']"
558,"[558, 58, 539, 538, 57, 557, 460, 48, 440, 441, 437, 436, 435, 434, 433, 432, 431, 430, 429, 425, 423, 421, '출구 6']"
559,"[559, 462, 50, 453, 451, 450, 449, 448, 447, 446, 445, 444, 443, 442, 438, 437, 436, 435, 434, 433, 432, 431, 430, 429, 425, 423, 421, '출구 6']"
560,"[560, 60, 550, 549, 59, 559, 462, 50, 453, 451, 450, 449, 448, 447, 446, 445, 444, 443, 442, 438, 437, 436, 435, 434, 433, 432, 431, 430, 429, 425, 423, 421, '출구 6']"
561,"[561, 562, 563, 513, 514, 515, 516, 53, 553, 456, 44, 420, 419, 422, 421, '출구 6']"
562,"[562, 563, 513, 514, 515, 516, 53, 553, 456, 44, 420, 419, 422, 421, '출구 6']"
563,"[563, 513, 514, 515, 516, 53, 553, 456, 44, 420, 419, 422, 421, '출구 6']"
601,"[601, 61, 650, '출구 7']"
602,"[602, 601, 61, 650, '출구 7']"
61,"[61, 650, '출구 7']"
62,"[62, 602, 601, 61, 650, '출구 7']"
603,"[603, 601, 61, 650, '출구 7']"
604,"[604, 603, 601, 61, 650, '출구 7']"
605,"[605, 604, 603, 601, 61, 650, '출구 7']"
606,"[606, 605, 604, 603, 601, 61, 650, '출구 7']"
607,"[607, 606, 605, 604, 603, 601, 61, 650, '출구 7']"
608,"[608, 607, 606, 605, 604, 603, 601, 61, 650, '출구 7']"
609,"[609, 608, 607, 606, 605, 604, 603, 601, 61, 650, '출구 7']"
610,"[610, 609, 608, 607, 606, 605, 604, 603, 601, 61, 650, '출구 7']"
611,"[611, 610, 609, 608, 607, 606, 605, 604, 603, 601, 61, 650, '출구 7']"
612,"[612, 611, 610, 609, 608, 607, 606, 605, 604, 603, 601, 61, 650, '출구 7']"
613,"[613, 612, 611, 610, 609, 608, 607, 606, 605, 604, 603, 601, 61, 650, '출구 7']"
614,"[614, 613, 612, 611, 610, 609, 608, 607, 606, 605, 604, 603, 601, 61, 650, '출구 7']"
615,"[615, 614, 613, 612, 611, 610, 609, 608, 607, 606, 605, 604, 603, 601, 61, 650, '출구 7']"
616,"[616, 615, 614, 613, 612, 611, 610, 609, 608, 607, 606, 605, 604, 603, 601, 61, 650, '출구 7']"
63,"[63, 652, 554, 54, 521, 519, 518, 515, 516, 53, 553, 456, 44, 420, 419, 422, 421, '출구 6']"
617,"[617, 615, 614, 613, 612, 611, 610, 609, 608, 607, 606, 605, 604, 603, 601, 61, 650, '출구 7']"
618,"[618, 617, 615, 614, 613, 612, 611, 610, 609, 608, 607, 606, 605, 604, 603, 601, 61, 650, '출구 7']"
619,"[619, 617, 615, 614, 613, 612, 611, 610, 609, 608, 607, 606, 605, 604, 603, 601, 61, 650, '출구 7']"
620,"[620, 618, 617, 615, 614, 613, 612, 611, 610, 609, 608, 607, 606, 605, 604, 603, 601, 61, 650, '출구 7']"
64,"[64, 620, 618, 617, 615, 614, 613, 612, 611, 610, 609, 608, 607, 606, 605, 604, 603, 601, 61, 650, '출구 7']"
621,"[621, 619, 617, 615, 614, 613, 612, 611, 610, 609, 608, 607, 606, 605, 604, 603, 601, 61, 650, '출구 7']"
622,"[622, 621, 619, 617, 615, 614, 613, 612, 611, 610, 609, 608, 607, 606, 605, 604, 603, 601, 61, 650, '출구 7']"
623,"[623, 622, 621, 619, 617, 615, 614, 613, 612, 611, 610, 609, 608, 607, 606, 605, 604, 603, 601, 61, 650, '출구 7']"
624,"[624, 623, 622, 621, 619, 617, 615, 614, 613, 612, 611, 610, 609, 608, 607, 606, 605, 604, 603, 601, 61, 650, '출구 7']"
625,"[625, 65, 654, 556, 56, 527, 526, 55, 555, 458, 46, 427, 428, 425, 423, 421, '출구 6']"
626,"[626, 625, 65, 654, 556, 56, 527, 526, 55, 555, 458, 46, 427, 428, 425, 423, 421, '출구 6']"
65,"[65, 654, 556, 56, 527, 526, 55, 555, 458, 46, 427, 428, 425, 423, 421, '출구 6']"
66,"[66, 626, 625, 65, 654, 556, 56, 527, 526, 55, 555, 458, 46, 427, 428, 425, 423, 421, '출구 6']"
627,"[627, 625, 65, 654, 556, 56, 527, 526, 55, 555, 458, 46, 427, 428, 425, 423, 421, '출구 6']"
628,"[628, 624, 623, 622, 621, 619, 617, 615, 614, 613, 612, 611, 610, 609, 608, 607, 606, 605, 604, 603, 601, 61, 650, '출구 7']"
629,"[629, 628, 624, 623, 622, 621, 619, 617, 615, 614, 613, 612, 611, 610, 609, 608, 607, 606, 605, 604, 603, 601, 61, 650, '출구 7']"
630,"[630, 629, 628, 624, 623, 622, 621, 619, 617, 615, 614, 613, 612, 611, 610, 609, 608, 607, 606, 605, 604, 603, 601, 61, 650, '출구 7']"
631,"[631, 630, 629, 628, 624, 623, 622, 621, 619, 617, 615, 614, 613, 612, 611, 610, 609, 608, 607, 606, 605, 604, 603, 601, 61, 650, '출구 7']"
632,"[632, 631, 630, 629, 628, 624, 623, 622, 621, 619, 617, 615, 614, 613, 612, 611, 610, 609, 608, 607, 606, 605, 604, 603, 601, 61, 650, '출구 7']"
633,"[633, 632, 631, 630, 629, 628, 624, 623, 622, 621, 619, 617, 615, 614, 613, 612, 611, 610, 609, 608, 607, 606, 605, 604, 603, 601, 61, 650, '출구 7']"
634,"[634, 633, 632, 631, 630, 629, 628, 624, 623, 622, 621, 619, 617, 615, 614, 613, 612, 611, 610, 609, 608, 607, 606, 605, 604, 603, 601, 61, 650, '출구 7']"
635,"[635, 634, 633, 632, 631, 630, 629, 628, 624, 623, 622, 621, 619, 617, 615, 614, 613, 612, 611, 610, 609, 608, 607, 606, 605, 604, 603, 601, 61, 650, '출구 7']"
636,"[636, 635, 634, 633, 632, 631, 630, 629, 628, 624, 623, 622, 621, 619, 617, 615, 614, 613, 612, 611, 610, 609, 608, 607, 606, 605, 604, 603, 601, 61, 650, '출구 7']"
637,"[637, 635, 634, 633, 632, 631, 630, 629, 628, 624, 623, 622, 621, 619, 617, 615, 614, 613, 612, 611, 610, 609, 608, 607, 606, 605, 604, 603, 601, 61, 650, '출구 7']"
67,"[67, 656, 558, 58, 539, 538, 57, 557, 460, 48, 440, 441, 437, 436, 435, 434, 433, 432, 431, 430, 429, 425, 423, 421, '출구 6']"
638,"[638, 635, 634, 633, 632, 631, 630, 629, 628, 624, 623, 622, 621, 619, 617, 615, 614, 613, 612, 611, 610, 609, 608, 607, 606, 605, 604, 603, 601, 61, 650, '출구 7']"
639,"[639, 638, 635, 634, 633, 632, 631, 630, 629, 628, 624, 623, 622, 621, 619, 617, 615, 614, 613, 612, 611, 610, 609, 608, 607, 606, 605, 604, 603, 601, 61, 650, '출구 7']"
640,"[640, 639, 638, 635, 634, 633, 632, 631, 630, 629, 628, 624, 623, 622, 621, 619, 617, 615, 614, 613, 612, 611, 610, 609, 608, 607, 606, 605, 604, 603, 601, 61, 650, '출구 7']"
641,"[641, 640, 639, 638, 635, 634, 633, 632, 631, 630, 629, 628, 624, 623, 622, 621, 619, 617, 615, 614, 613, 612, 611, 610, 609, 608, 607, 606, 605, 604, 603, 601, 61, 650, '출구 7']"
642,"[642, 641, 640, 639, 638, 635, 634, 633, 632, 631, 630, 629, 628, 624, 623, 622, 621, 619, 617, 615, 614, 613, 612, 611, 610, 609, 608, 607, 606, 605, 604, 603, 601, 61, 650, '출구 7']"
643,"[643, 642, 641, 640, 639, 638, 635, 634, 633, 632, 631, 630, 629, 628, 624, 623, 622, 621, 619, 617, 615, 614, 613, 612, 611, 610, 609, 608, 607, 606, 605, 604, 603, 601, 61, 650, '출구 7']"
644,"[644, 643, 642, 641, 640, 639, 638, 635, 634, 633, 632, 631, 630, 629, 628, 624, 623, 622, 621, 619, 617, 615, 614, 613, 612, 611, 610, 609, 608, 607, 606, 605, 604, 603, 601, 61, 650, '출구 7']"
645,"[645, 644, 643, 642, 641, 640, 639, 638, 635, 634, 633, 632, 631, 630, 629, 628, 624, 623, 622, 621, 619, 617, 615, 614, 613, 612, 611, 610, 609, 608, 607, 606, 605, 604, 603, 601, 61, 650, '출구 7']"
646,"[646, 645, 644, 643, 642, 641, 640, 639, 638, 635, 634, 633, 632, 631, 630, 629, 628, 624, 623, 622, 621, 619, 617, 615, 614, 613, 612, 611, 610, 609, 608, 607, 606, 605, 604, 603, 601, 61, 650, '출구 7']"
647,"[647, 646, 645, 644, 643, 642, 641, 640, 639, 638, 635, 634, 633, 632, 631, 630, 629, 628, 624, 623, 622, 621, 619, 617, 615, 614, 613, 612, 611, 610, 609, 608, 607, 606, 605, 604, 603, 601, 61, 650, '출구 7']"
648,"[648, 649, 647, 646, 645, 644, 643, 642, 641, 640, 639, 638, 635, 634, 633, 632, 631, 630, 629, 628, 624, 623, 622, 621, 619, 617, 615, 614, 613, 612, 611, 610, 609, 608, 607, 606, 605, 604, 603, 601, 61, 650, '출구 7']"
649,"[649, 647, 646, 645, 644, 643, 642, 641, 640, 639, 638, 635, 634, 633, 632, 631, 630, 629, 628, 624, 623, 622, 621, 619, 617, 615, 614, 613, 612, 611, 610, 609, 608, 607, 606, 605, 604, 603, 601, 61, 650, '출구 7']"
68,"[68, 657, 560, 60, 550, 549, 59, 559, 462, 50, 453, 451, 450, 449, 448, 447, 446, 445, 444, 443, 442, 438, 437, 436, 435, 434, 433, 432, 431, 430, 429, 425, 423, 421, '출구 6']"
650,"[650, '출구 7']"
651,"[651, 62, 602, 601, 61, 650, '출구 7']"
652,"[652, 554, 54, 521, 519, 518, 515, 516, 53, 553, 456, 44, 420, 419, 422, 421, '출구 6']"
653,"[653, 64, 620, 618, 617, 615, 614, 613, 612, 611, 610, 609, 608, 607, 606, 605, 604, 603, 601, 61, 650, '출구 7']"
654,"[654, 556, 56, 527, 526, 55, 555, 458, 46, 427, 428, 425, 423, 421, '출구 6']"
655,"[655, 66, 626, 625, 65, 654, 556, 56, 527, 526, 55, 555, 458, 46, 427, 428, 425, 423, 421, '출구 6']"
656,"[656, 558, 58, 539, 538, 57, 557, 460, 48, 440, 441, 437, 436, 435, 434, 433, 432, 431, 430, 429, 425, 423, 421, '출구 6']"
657,"[657, 560, 60, 550, 549, 59, 559, 462, 50, 453, 451, 450, 449, 448, 447, 446, 445, 444, 443, 442, 438, 437, 436, 435, 434, 433, 432, 431, 430, 429, 425, 423, 421, '출구 6']"
